-1.182854793725238504e-04,-1.088527823238881228e-05,-5.998145607704736225e-04,2.256930858793334659e-04,8.530943221236106779e-05,-2.062520398122122324e-04,-1.253414828985189200e-04,2.725961321401255597e-04,-1.912737236071987269e-05,-3.546509417707456721e-04,-2.325957794170108498e-04,2.506326786699254932e-06,1.254196992121632797e-04,1.233971497486944266e-04,7.043812434972998148e-05,-6.604358964643749705e-04,1.719653809681943694e-03,-8.155562982823279510e-05,-6.456238098638900427e-04,-1.720520772828398485e-05,-1.045809501199858934e-03,-8.850816162692464004e-05,-2.365973665228217945e-03,-2.865495305350214969e-04,3.366252692260221285e-04,6.775049974067082204e-05,1.037066100118356809e-04,4.082287554099233058e-03,-1.031278845961384116e-03,-1.637981752848383403e-04,3.542366951429914155e-04,-4.728653155857131217e-03,1.346519917540019834e-04,-1.867710553748196567e-04,-6.523985974141100137e-05,3.944995829075998524e-05
-1.230158173941871670e-04,2.623065303123861325e-05,-8.379602349253752755e-04,4.560411629521657920e-05,-3.849562910163523654e-05,9.896771162089747394e-04,4.691755778490169506e-06,-1.243464290174670864e-03,2.294761548239037481e-04,-3.646594134074708873e-04,2.802224624712460334e-04,1.790768026463355632e-04,-1.342713578519929001e-04,-4.318085573055154805e-04,2.074649169118495111e-04,-3.758577452133569550e-04,2.873688282156441551e-04,-2.715488401359618262e-05,-7.111915884201539797e-04,-1.753832557630797260e-05,1.280119367939649153e-03,1.845671473413062666e-04,-1.286247307274253045e-03,1.037808366765390717e-03,-7.049249132609990533e-04,2.110635591918168968e-04,1.786694116527492483e-04,4.097066133201470589e-03,7.816597258074759478e-04,5.703928038337877370e-05,-8.371106461186360922e-04,5.059086804759587060e-03,-4.084376541998377950e-04,-1.389643112911733650e-03,-1.045807147331333871e-04,-9.857873534211527352e-05
-4.256431841343090005e-04,1.070315593752791956e-04,1.951186127023495391e-03,4.000796325325443707e-04,9.880554962097526481e-05,1.855395166116347104e-04,-2.371452337339752562e-04,3.360658565020169632e-04,-1.606731600157043931e-04,1.148328823497358738e-03,5.764470829532026891e-04,-1.748119164111177357e-03,-1.424092724456379880e-04,-6.312683139663903900e-05,-2.599433873965654911e-05,8.477505380414229177e-04,-6.287884302420273380e-03,-9.612102237719243429e-07,-9.915007489271513916e-04,7.749844123859509714e-07,3.754298483492597509e-04,-7.357169476082514847e-06,-3.399880053720478567e-04,-2.704540638134545708e-03,-4.438110228760268209e-04,2.814838685299187902e-04,-5.472570924112521619e-05,9.097121265064548549e-04,-1.205132397302206902e-04,-3.050712871966915793e-04,2.342061891868831057e-04,3.419159020223362547e-04,2.312923976013610359e-04,1.306879035183293285e-03,-4.941645651491624472e-05,-1.239318382784089204e-05
-5.482476009726724216e-04,3.748197399403633255e-05,2.008495278286980164e-03,4.664538705414431594e-04,-1.312999210473976433e-04,-8.207157655645049834e-04,-1.847360781810952117e-04,1.071364186737783165e-04,4.509042035785199861e-05,4.447912107741192750e-03,-9.471852246782987714e-04,2.382370086978725411e-03,5.731287035011207532e-04,1.199873414217509938e-04,2.830301677738353305e-04,2.421781746817514697e-04,1.009839040629637247e-04,-9.622149990974818908e-06,-8.122488058678988942e-04,-1.226059702515065752e-04,3.583891753014764233e-08,-2.136567912577525506e-03,2.075173901324633345e-04,3.943292014764174409e-03,-2.156426655414048037e-05,2.446299187220034809e-04,1.402030553505700060e-04,-1.395114765091762601e-04,-1.281856427272915345e-04,7.846595931807054522e-04,1.487762468723361885e-03,-6.013059665535774130e-04,2.117179905882690379e-04,7.052600901042987850e-04,-8.262656990236736120e-06,7.352718202410876718e-06
1.199620307049029631e-03,-1.684757582597409603e-03,-5.945155164608183890e-05,-1.140612878151946825e-03,-9.122451234216116941e-04,-9.573024833136222140e-05,1.935598695822504395e-03,1.925216484035920984e-04,1.128394877488366214e-04,3.870936801346032668e-03,-3.728323851232811094e-04,-4.702615637698596561e-04,-6.740170002985254811e-04,-1.582492718718329981e-04,1.582978940064056202e-06,-5.139965444483295901e-04,2.481350159114678253e-03,-5.024004845541091453e-04,-1.200979512660861268e-03,-1.682082413649634632e-05,-3.736288665342772024e-05,3.355785432731695113e-03,2.761058386561926828e-04,-2.088909237354634549e-03,1.433377152744323214e-04,3.094251545333443469e-06,2.807092912442053193e-04,-8.661553823036810461e-06,8.991976181916322333e-04,1.209624974776311174e-03,-8.562661981331331140e-04,-7.893758645879395553e-05,-7.409152018660621454e-04,-3.655371262534199707e-05,1.062940745901297431e-05,-1.797415316966428353e-05
6.069579540354994550e-04,2.362831247790272374e-03,-5.018273717949542443e-04,-3.524059826559017370e-03,2.451247913037410148e-03,-1.244493817349253647e-05,4.424642964477291550e-04,-2.463126045765296770e-04,7.685138098828171336e-04,6.020456834223339155e-05,5.987852035081699586e-04,-3.043063406100026151e-04,9.439930778223673243e-04,4.669610833621757543e-05,-1.720050475538320621e-03,1.187288734872066296e-04,-9.045261224556440469e-04,-8.274616433024756723e-04,-1.908639479775148815e-03,-1.097299286967802235e-04,1.184897673968370447e-04,1.379067815296725844e-03,6.640801444981221516e-05,1.702247279507129892e-04,4.891319276481960682e-04,-4.229885628730117191e-04,-1.625795410143336640e-04,1.706442695654443627e-04,-1.093062211075531299e-03,-3.074830668942608522e-03,-1.803600484676767292e-03,-2.405407456957013384e-04,2.360779196252727093e-03,-5.136099567638556095e-05,-8.188829073442804092e-05,5.711509452266643701e-06
-9.348090663506317360e-05,-6.667338290468900319e-04,-3.430569034722767046e-04,-2.808980121838296380e-03,-2.069836533500390811e-03,3.643244439879053231e-04,-1.888756143252918974e-03,7.680478284533749666e-05,-8.614643711635099109e-04,9.787652866121480008e-06,-6.682812525652472068e-05,6.579584694010102129e-05,-1.493678538136843266e-04,-2.417150860903031660e-04,-1.917765938212956855e-03,-1.250935425281957927e-04,4.933934518967034990e-04,1.506575815958149369e-03,-1.516226455479527434e-03,-1.121269600864720868e-03,-9.907803105523850203e-05,-3.573290112418208223e-03,1.534657550628265078e-04,1.956916067802481787e-04,-5.405392191860859848e-05,-4.968960542467386598e-05,-4.994897919736412777e-04,2.225089053490842263e-04,1.114714130059173657e-03,-1.019840077283798658e-03,7.738606517203632440e-04,3.353666778271539709e-04,-3.879712959115618528e-03,1.145565133947888995e-04,2.236632666836086032e-04,-1.649811783257939136e-03
9.490590294971446982e-05,-1.156812580169592038e-04,-2.849926705639748627e-05,3.816344716990141030e-04,4.156435314767525186e-04,-2.725099601209316413e-04,-2.733714418907814622e-04,3.874776389381952432e-05,-6.879639695212762251e-03,7.688832003616006194e-05,-9.821968159395810230e-05,7.186913257365573366e-05,-6.238958361000426778e-04,-6.462563759353150508e-05,7.988847384652169041e-05,-2.132807400889260338e-04,1.188909994837700484e-04,4.125732012589595392e-04,-1.653076464456484164e-05,1.588392295095540771e-03,9.282693608307733947e-05,1.163804014531094480e-03,1.283168290354663439e-04,-1.354701934713949129e-04,1.826782942115872505e-04,-1.663890584773679900e-04,-3.409940735314776817e-04,5.386775767653345680e-05,-4.740391155938386927e-04,5.396730920752926567e-04,1.137360913256091647e-03,-2.464836144987614234e-04,1.667307560597103928e-03,-3.193407159778849868e-05,1.144366363528989640e-04,1.673447820976085507e-03
-8.655969600806198477e-05,1.608335657945746404e-05,-6.554339773850378914e-04,5.418957512066611000e-05,8.281753907537294001e-05,-4.788918454285433408e-05,-6.159111110424298006e-05,9.632389067674580448e-04,-7.848161039359967471e-05,-1.295061444684853685e-04,7.369850002856541285e-05,-1.252234054108580048e-04,-1.250711127539324750e-04,1.562043431049573252e-05,-2.408712799941664206e-04,1.802205040498233973e-03,-9.221880365311075668e-04,-2.180609064588768561e-06,1.261074188340500363e-03,2.121793176513153966e-05,-1.038214870579321283e-03,8.098926161651475407e-05,-2.375170054493648542e-03,-9.949304435779129566e-06,2.516855120694797654e-06,-3.360894108868981280e-05,-2.658322171556673887e-04,-2.199660753832575772e-03,5.582033877066443044e-04,-1.672166885838150007e-05,-1.201795263591889983e-04,-2.145552049061166811e-03,1.910674281285004101e-05,2.229384673140602502e-04,-4.829067229516374667e-05,-1.692219744158471011e-05
4.107679256208335674e-05,-6.720012955616963253e-05,2.639925324602376876e-04,1.118253109857315317e-04,-2.045270755251742784e-04,-8.435131444366243897e-04,-1.224803251967205512e-04,-1.892210681695457751e-03,-1.277883359759959835e-04,-1.594501814672969451e-04,-1.182538477112632808e-04,6.488620013277594583e-04,7.530930081777067022e-05,-1.350760862876373872e-04,-3.479124309716889176e-04,1.168536925465581307e-03,2.691080189566755296e-03,4.141900735839699078e-05,1.697255366502196158e-03,-2.801304725848810722e-06,1.339866927783957187e-03,-4.282373691991197759e-04,-7.956358355335485391e-04,5.877966537343645151e-04,6.155536197805982828e-04,-3.335452320088869074e-04,-2.734402234034424579e-04,-1.429403234593216694e-03,-4.480890212841593160e-04,2.434115787799413840e-05,6.330676421956822272e-04,2.954061665124793797e-03,1.252097353188396311e-04,-1.397314501752781445e-03,1.740533698142380048e-05,2.853351268177598573e-06
-2.256419471475384084e-04,-4.069862831343191815e-05,2.732909515874551356e-03,3.153698602311215469e-04,5.975265906844080002e-05,-7.922121398570353872e-04,-1.813150861580396138e-04,1.229255131050693362e-03,-9.590260514198599092e-05,-1.517096464768106275e-03,5.306705032572812388e-04,-1.842895567140455252e-03,-2.130547508340186944e-04,-1.755362163811907510e-04,-5.074982736994801657e-05,-7.988069720792715647e-04,9.790089308905412617e-04,-2.572438187954309524e-06,2.092599604639365160e-03,2.787777941484931930e-05,-8.975360653535417450e-05,1.525853689700170323e-04,2.780311954443351764e-04,-3.102295369624827846e-03,1.431840596550038296e-03,-5.216366475654171057e-04,-1.286371313927179086e-04,-5.538511225847112147e-04,2.717856574066877633e-04,-6.180839533342170813e-04,4.954377001209134398e-05,-9.254970816794553601e-04,1.057055960070800931e-04,1.279009340716896976e-03,2.632122442360929267e-06,7.503146644512615621e-05
-6.109341192217686766e-04,5.962829439564173257e-04,1.202009120219701792e-03,-2.110127035236498234e-04,4.668072467493917166e-04,6.396437181774863000e-04,4.325761047439147271e-05,-1.146211499535475031e-04,1.962849964391666585e-04,-2.457903005759621944e-03,-1.226383747391949488e-03,2.516698516286430647e-03,1.205354225625960088e-04,1.253636604232536539e-04,-1.861284312190652883e-04,-5.000526782778713306e-04,-1.876376512528527452e-04,8.687249602555304382e-06,2.325379613572146030e-03,2.182678241929097174e-05,-5.892983227680350316e-05,9.047207235213406025e-05,1.723318437597798325e-04,3.435500706817988005e-03,9.845462427699603735e-04,-1.156708542782064383e-04,-1.603029549705755697e-04,4.839542467042604902e-05,-5.896530672319652078e-04,-1.901995010890344961e-04,-1.040766352691069102e-03,-3.165566686082419692e-04,8.318384688239235849e-05,1.935360192430999368e-04,-4.655911860812591744e-05,2.593990289688310294e-06
9.711784621917825180e-04,-1.981465145586086985e-03,-5.658485048656483997e-04,-6.496296770973643796e-04,-1.592790767644499360e-03,1.254945584769051039e-03,1.751306065317109577e-03,1.792265059940699890e-04,2.108920893332551618e-04,-1.245974259437407491e-03,5.757080959344214018e-04,-1.071958743636826188e-03,4.624894058549251032e-05,3.303597135426907124e-05,-1.351064954155771231e-04,1.624858587547308732e-04,-1.905976558059194485e-04,-2.862186293341402780e-04,2.547139434006590996e-03,7.574740721342270908e-05,-5.890267198331510206e-05,2.198214262146905567e-04,5.290389447444891410e-05,-1.140864484480047557e-03,-1.694867224019605133e-04,3.871260461313002837e-04,-1.173922850096396312e-04,-1.849040668776589591e-04,1.651001289952119474e-04,2.863547448111215810e-03,-2.036492532477546095e-04,1.769874131645473388e-04,-1.537728180327864328e-03,-2.061275098717185088e-04,-1.763279324161342058e-04,-8.473358321894852144e-05
1.459172937911425291e-04,2.274608969058742984e-03,-3.567975982927979600e-04,-8.671948306940422584e-04,2.463164280885104997e-03,-2.203557212009884018e-04,-4.716908579318533591e-04,-4.750669633494660165e-05,3.432201210715420440e-04,-8.136025189457132996e-04,1.254355150941902498e-04,6.962724731115342471e-05,1.094517242619624759e-04,3.660849108641910798e-05,7.856387816320611200e-04,1.877482025159732620e-04,-1.409917571260260781e-04,-9.893416981626014343e-04,2.841426499948269610e-03,-2.726082676448831742e-04,5.604919327544526125e-05,-6.798102338994634758e-04,-1.805915634356933781e-05,2.178800897634186162e-04,-2.735535246162312632e-04,2.523841199277275537e-04,2.749575327230873128e-04,-2.500970092583833541e-04,-5.120655339779100226e-05,9.600057014890346066e-04,1.273174339813688870e-03,1.132222854491899550e-04,2.888857824201516381e-03,-6.194408631662340640e-05,-1.442816325377647979e-04,4.204470074844607048e-04
-1.869627781064754819e-04,-9.140309627218604852e-04,-7.258608922334075107e-05,-7.390309304567517978e-04,-2.111088164520014045e-03,-4.615833936906395523e-04,-1.542846528771505592e-03,1.917627930023104473e-06,1.999844750979694850e-03,-2.611440152256473950e-04,-4.310532309158516980e-06,9.570307310496677385e-06,-1.261058001767444278e-03,3.396599877701989494e-05,2.367043600611490328e-03,1.688145632186041742e-04,-1.153982446602954364e-04,1.209864248006707350e-03,2.133414231782016033e-03,-1.038852403756432199e-03,-1.930384629980295681e-05,2.736670933876693499e-04,-3.636098642642818127e-05,-2.528728954092558157e-04,-1.636041871415464959e-05,2.128897682403307673e-04,4.973176997608338545e-04,-2.415211884954186219e-04,-3.828311126488678621e-04,-6.724762139182044159e-04,1.080972962317158933e-04,-2.123033577006537412e-04,-1.283426214772338207e-03,-1.208904552991397151e-05,2.879466002071598223e-04,-1.693564649281759267e-03
1.000212049058062576e-05,2.538201225637709058e-04,-6.597776139765825561e-05,2.826413660118541594e-04,7.851745179907171877e-04,5.605333182578316501e-04,6.871359493323334067e-04,-1.363466947092169094e-05,4.165796651757274166e-04,-1.515598343238985194e-04,2.922539150807978612e-05,-3.691335456167926229e-05,1.718488733220264022e-03,9.539979575512905316e-05,2.701823801695063098e-03,4.201019152374767707e-04,-3.558340504782478517e-04,-9.506147686905761873e-05,1.009603274219858168e-03,2.387077144689281425e-03,4.170092523311962258e-05,2.752273805458710864e-04,-9.188469257963666973e-05,1.420562803607454123e-04,-1.450602843406945141e-04,3.358902921089843919e-04,3.760402156506215034e-04,-2.420683529905939086e-04,2.858276896227914345e-04,-5.438010785645135169e-04,-2.294630590009586954e-03,1.965611986042944590e-04,-6.472233004140042672e-04,-7.340676849992962387e-06,-1.288798844134910208e-04,1.542880569038038207e-03
-8.072863695211711171e-06,-2.628411336360328559e-05,-6.725256576878589155e-04,-8.071032579738695754e-05,3.732939966943846233e-05,2.857379490794999320e-04,9.037114891788710161e-05,1.756425838870351482e-03,1.348448072203533167e-04,4.711142810810287486e-04,2.783660867030211708e-04,-2.163053416554670165e-04,-1.110955804878388200e-04,-2.520191442911379849e-04,1.522930364221535557e-04,4.097988391974873755e-05,-2.434879610272832739e-03,-1.006488904637972090e-06,-1.349234023740279861e-04,-1.355620199959110624e-05,-1.024587156265266983e-03,4.213423874984188289e-04,-1.085490455401986023e-03,1.469722082869159960e-04,-2.580759391681026874e-04,-1.738901886432097808e-04,1.013087811580262981e-04,-4.763061897399635362e-03,2.083847247702369683e-03,1.531316327392637970e-04,-5.948765667730727437e-04,2.069589458308969485e-03,-2.177271327798457098e-04,4.151441676077021262e-04,-9.787019792191100742e-05,-7.043029207199225789e-05
1.315711515712881586e-04,5.004075103152066044e-05,6.266914297397074363e-04,-3.745578355722419027e-05,-2.740154865239783022e-05,-5.215273179166519165e-04,-1.453384657126813096e-05,-2.787604018542906743e-03,-8.064797137266786439e-05,5.312042561402939437e-04,-3.800936807054409831e-04,7.380262985389829476e-04,1.619031723259337400e-04,2.186228416905901858e-04,-5.747569666838581620e-05,9.135758919353438546e-04,8.517273438600936504e-04,4.334859019669183778e-05,-5.162050692895828012e-04,-1.667813793075405306e-05,1.278765504739627547e-03,-3.185783191233960824e-04,1.159126246742264331e-04,1.214459190611382562e-04,3.568443897090579258e-04,-1.419384470847376281e-05,-6.846615971735821157e-06,-3.914273226588333397e-03,-2.397528126665619732e-03,-2.335143440260455670e-04,5.901175730468842789e-04,-1.259131308732348202e-03,4.053750431560640909e-04,-1.305509033451077248e-03,1.149630516493011760e-05,-9.277767928662301251e-07
-1.813840720627550791e-04,-1.434985703734540210e-04,1.445885185133655420e-03,3.056032621164397265e-05,-7.547950770005789809e-05,3.328723293918170521e-04,-1.410137406944145754e-04,1.512027155021022917e-03,1.910437717039687464e-04,-1.105026156702527095e-03,7.782360860913934211e-04,-1.777858961845418632e-03,1.250637839923167502e-04,3.523487198994733213e-05,1.425652857313534959e-04,-4.966621199319836517e-04,5.396548521876124924e-03,5.379245653026871023e-05,-8.786993129092925906e-04,-5.569122457325758080e-06,-3.364047789604937642e-04,-4.323720237050807992e-04,5.106708265145048012e-04,-7.251258612651335055e-04,-1.287762672357723988e-04,-1.530107544945796542e-05,1.032611500567706924e-04,-9.009514686842011368e-04,6.049430019078875153e-04,-2.684556811715295183e-04,-2.036102515641696796e-04,-1.328420986936744647e-03,-2.503501057694543794e-04,1.230416896016231498e-03,-7.801453949665930335e-05,2.826917979709561709e-06
-5.344665055317351140e-04,7.263838539631147818e-04,-4.784785734461438232e-04,-5.081983360329101179e-04,5.032600590852517224e-04,7.388856654444647199e-04,1.979558165507955237e-04,-2.961312132820754194e-04,-2.076107005714288305e-04,-4.668170678709540090e-03,-1.682619147501644794e-03,2.267960729511102856e-03,-5.185630513132610288e-04,-1.575204389679386548e-04,-2.613716899609645435e-04,-1.866428998869077674e-04,-1.826146558175661570e-04,3.638107801435004884e-05,-9.633384083167250474e-04,-1.985408403651919170e-05,-1.212469739191461908e-05,2.369258015434217227e-03,-7.958088501556095202e-05,1.485710799750237748e-06,-1.692532567510892975e-06,-3.063018189615941309e-05,6.681161528370011808e-06,2.349513906710540539e-04,9.498448207865426091e-04,-9.931744171569219497e-04,-1.052843727056612753e-03,6.841293143773908821e-04,1.954367961385269881e-04,-1.209594566147966920e-04,-1.707500918918869456e-05,4.889911213126169423e-05
7.998002274790860571e-04,-1.842367070581723762e-03,-4.702493108136626253e-04,6.444558309656026377e-05,-1.290871670221843811e-03,-3.316368941431771500e-04,1.132228899781944362e-03,-4.720380818872482124e-05,-1.533317086691966889e-04,-3.614615447132061687e-03,1.482954590248894769e-03,-1.351714770970729703e-03,7.938744229377388360e-04,1.033963115596485611e-04,-2.393641883764886639e-04,5.179562491326196710e-04,-2.466761954799858575e-03,-5.636895828348447888e-05,-6.589435680220107712e-04,3.104944988773492199e-05,-5.587461424855013638e-05,-1.903725216707569633e-03,-1.039386794972705367e-04,5.130726505784812203e-04,4.956184138711640590e-06,-3.239649424389196057e-05,-7.897212437760721469e-05,2.325441396298649026e-05,-1.186883408342658637e-03,1.253608717858841403e-03,1.192438155370269910e-03,-6.426056244074433981e-05,-9.009599397720102158e-04,-1.911444910799615785e-04,6.222666832719401207e-05,-1.239538175803402587e-04
-1.169008764630727142e-04,1.751826792997955009e-03,1.110106756397151917e-04,1.842871903964480142e-03,1.610014254018470210e-03,-2.321110680493917923e-04,-9.363379279376092155e-04,1.247072032834073570e-04,-6.050393885516045520e-04,-1.011168123516028412e-04,-5.145704391427208865e-04,3.967080702431007347e-04,-3.150264587644232487e-04,-1.145689020917250680e-04,1.710392443729629461e-03,-1.063944261436227339e-04,7.925259679668950931e-04,-8.235475500828795233e-04,9.534345777392759546e-05,-4.764997878474778147e-04,-6.255837980942283768e-05,-2.844270588141619045e-03,-5.903015034642761813e-05,3.574211277306752041e-05,-3.653857682489288004e-04,2.593889939201780306e-04,2.262955846579642685e-04,-1.675589400468078627e-04,1.160398569824560135e-03,3.899177187175062540e-03,1.920542060760126657e-03,2.088531793918338539e-04,1.165584884342807506e-04,4.096361837640960144e-05,5.340711918640962284e-04,5.339469845746245072e-04
-1.183835402445969776e-04,-1.011173971878037659e-03,1.803423829414552680e-04,1.541822107580464053e-03,-1.556410647705532262e-03,-4.203530632172928832e-04,-6.881466277753042282e-04,-7.366763648975873714e-05,1.365532219492561310e-03,1.065412284775218364e-04,1.159071673519319814e-04,-4.493527269420655336e-05,-1.627624746269122928e-03,6.699855443437804491e-05,2.855211621148482769e-03,-2.021566595828431167e-04,-8.888750165310878759e-05,9.692400062057886061e-04,1.405125934754605603e-04,-4.020808210687500713e-04,2.712045882617292869e-05,3.321117038082890740e-03,-7.556793810306269583e-05,-2.114826622231951770e-04,3.207205465022569470e-04,-1.049556112734128149e-04,1.103743988470629994e-04,5.397401406105167528e-05,-8.563924467221577285e-04,8.164069270769978414e-04,1.574390118612818354e-04,-2.254953101985331554e-04,3.218640257632045514e-03,-7.575544796387299559e-05,8.592225210064441312e-04,-1.364278737657067392e-03
-5.552046921329564902e-05,2.849823088979223538e-04,3.763725273885957742e-05,-1.860522635857528610e-04,7.730196282634651302e-04,3.731898990849963479e-04,5.522991319697636951e-04,-5.624158962384886984e-06,5.360815403628271976e-03,-3.340235901095168716e-05,9.305747361159739603e-05,-6.094814678396314602e-06,1.861255694416332407e-03,-2.332616549116819092e-06,1.042456070661212974e-03,-1.169654661190192122e-04,-5.805447379781802643e-05,-2.631797164627852539e-04,-7.258120500390549809e-04,2.363749976159219054e-03,-1.632204393466916290e-05,-6.408281241117545898e-04,-1.958983506620737736e-05,1.545628688080984776e-04,2.060692980089003142e-05,2.314139971366208602e-05,-3.323047979672465418e-04,1.334370956646710395e-04,2.499899210725656522e-04,-6.765390842705885357e-04,-4.406085131329429225e-04,2.721298111125625553e-04,-1.528523062165678586e-03,2.835492857130097682e-05,1.316587645741278513e-04,1.290329926070114906e-03
3.602365983995045742e-05,-4.715814373225032941e-05,-2.671522165593645634e-04,-5.391997931273697958e-05,-1.105162726470962354e-04,1.958465143158982756e-05,7.017218919785923458e-05,1.743702238164355177e-03,1.769026119863132914e-04,3.605287719321311596e-04,8.858955176257205197e-06,-8.567393096642617327e-05,1.642347720543967050e-04,7.712495357697600473e-04,1.361811061125855723e-04,-4.315819191673018855e-03,3.683252147155047294e-05,-5.014539821850037908e-05,-1.292101071319294798e-03,2.730538412348767712e-05,-1.122108036361176573e-03,-9.500777378586188946e-05,1.079809561322941404e-03,1.170936984349297627e-04,2.208152071779047342e-04,4.177048714901512546e-05,1.790310601505691645e-04,-2.930458218135886675e-04,5.853513408180655150e-04,1.413830492171903256e-04,1.514023984493051238e-04,3.157301390159860527e-03,-1.521375296004058716e-04,2.617410795617518401e-04,-4.879517895230959124e-05,1.332215784642873323e-05
5.899236443604091560e-05,1.552632711990124326e-04,-1.030722232405341332e-05,-1.271919663573640796e-04,2.975020037452728622e-04,1.063132698631108312e-03,7.388400395576807196e-05,-2.601732931300697414e-03,-2.071646630750562240e-05,3.908236345482102498e-05,-8.184008893996635612e-05,5.137560475647345729e-04,-1.778452924182088307e-04,2.537459086443949051e-04,2.876117670719769630e-04,-2.356121498187610172e-03,-2.534799074988524411e-03,2.415553916274970270e-05,-1.706669138006076687e-03,1.712447464922879287e-05,1.199926336560596480e-03,4.484322703571935200e-04,1.103733225258843884e-03,-4.607087525757800630e-04,-9.171278227427184663e-04,5.543171979663612118e-04,2.462462713681274457e-04,-9.973885311673555279e-05,-1.425484966913095463e-03,-7.273032798210111690e-05,-4.042935234949336675e-04,-3.594288756674890450e-03,1.253267037779065974e-04,-1.492867270352606990e-03,-8.959802685967661092e-05,-5.813702621664441108e-05
-4.288358933052963486e-04,-1.041231307775676546e-04,-1.375405742299645696e-03,-1.465972916196078488e-04,-9.536410148457503337e-05,1.998095541761711093e-03,-3.919047512551170824e-04,9.963026981557644452e-04,2.177716205438734334e-04,8.892800672889435111e-04,1.224911044058060120e-03,-1.902188820476641675e-03,1.454932900107889138e-04,4.090452643047518021e-05,1.448931851416015363e-04,8.545850917625860731e-04,9.381789669596870326e-04,8.900268846380563099e-05,-2.162781007305862851e-03,-1.519869398302807294e-05,-1.035504094154753816e-04,-4.041791084632736890e-04,1.692528535909016275e-04,2.526095069702517099e-03,-3.956578536655611968e-03,6.878361717728107569e-04,1.938832693579261549e-04,2.689003004515276205e-04,-5.037647049594130800e-04,5.855266230205754012e-04,-4.280533085560388087e-04,1.409454142537851782e-04,-4.933772055450106209e-04,1.145502778797015007e-03,-3.697233817948247293e-04,-8.304631577666434254e-05
-5.918629432944136825e-04,4.674139613046325407e-04,-1.667013691487101478e-03,1.245544716733735092e-04,5.012538031932795319e-06,-1.154220647640621759e-03,-2.602598822665254719e-05,-1.086422625847641615e-04,-3.021176649316852547e-04,3.905991053907239717e-04,-1.676895255247009371e-03,2.094115882105726262e-03,-1.445975924011603240e-04,-2.156189829626766082e-04,7.750202722342553103e-05,8.079309892498257170e-04,-1.324587381426537824e-04,1.545937769285221227e-05,-2.355816038643877321e-03,-8.521501372792788240e-05,1.013959599178664001e-04,9.997248498165216355e-04,-1.801918290221907225e-04,-3.215205038807168476e-03,-2.657903220037500028e-03,6.264367572861444548e-04,1.959041247941115138e-04,1.075851553247282388e-04,1.344599606448870647e-03,-8.323017373678354364e-04,1.175811075435204654e-03,9.496690905828366865e-04,3.353723933713251650e-04,-2.102965977352594826e-05,2.719373200721915109e-05,1.339157273482611231e-04
9.008462664034001680e-04,-1.548163356863479926e-03,2.832724052987908880e-04,9.155547313783333942e-04,-2.115762927610258118e-05,-3.726836959872703321e-03,7.131546597151474428e-04,-1.605673131409986415e-04,-2.829769793337228367e-04,-1.003051142101174810e-05,1.240740713145262620e-03,-1.080936708988681355e-03,1.445496942485303016e-04,-1.629069242621445434e-05,4.278702599528748807e-04,-6.256548602237792364e-05,-6.690023954423934870e-04,-1.310342070998026182e-04,-2.529022699050611361e-03,-1.713098331058645913e-04,-1.213451159417123105e-04,-7.135351806714987626e-04,5.865850862174653321e-05,1.326550518322598942e-03,8.450826324420898119e-05,-9.745586838459260827e-05,2.455727813970702577e-04,1.971461040101727205e-04,-1.007020490312311983e-03,-3.137020970536209905e-03,9.057668339201321818e-04,-4.305097516238825259e-04,1.169847191379177380e-03,-8.117879189805594003e-06,8.396278984917573572e-04,-8.223135950523468326e-05
7.400250869245621427e-05,1.722329841184562635e-03,3.408170096411051748e-04,1.974088177895318413e-03,5.731391024383092076e-04,-5.782548359790999062e-04,-3.420685032141088425e-04,4.801763059667308925e-06,-5.107530424437941056e-04,9.552063719782533232e-04,-6.546556884092644612e-04,4.215352680215897398e-04,-4.037424288935200487e-04,-6.635722805944142355e-05,5.693056452482412970e-05,-1.884689726862102347e-04,5.638891501517930525e-04,-7.373464113963383798e-04,-3.007583389791525751e-03,-6.094641534477045122e-04,-1.937347677594425477e-05,-5.873646150441508588e-04,-6.993024282670269110e-05,-2.069705775717966829e-04,1.725694365244325617e-04,-2.606322487053629931e-05,-2.498546478306120549e-04,2.058385163009635878e-04,4.669951360250244659e-04,1.044243135872241013e-03,-2.290683827496640609e-03,-5.343381205481018343e-05,-3.900470068536065777e-03,-1.309126452869999268e-05,1.505178234473419441e-03,3.313416798699242720e-04
6.735841959920052490e-06,-7.605539722266954931e-04,5.315330635990235574e-05,1.449542749070318205e-03,-6.837705708215610200e-04,5.086711787990165360e-04,1.324267979791725358e-04,-5.119320712831497698e-05,-1.305408770488517261e-03,2.230106782395143501e-04,1.545844977094741482e-04,-1.725505531074719798e-04,5.660900401055329314e-04,1.755082406462010329e-05,-2.054386276757960358e-03,-1.208144252590388459e-06,-1.552895709845336311e-04,1.085627275419533350e-03,-2.382584589525703952e-03,3.076073694720366761e-04,1.540593589155582135e-05,1.365503364530604603e-03,-4.108806726351457256e-05,2.379770963567190195e-04,6.718871999795370800e-05,-1.170643866600379476e-04,-1.321478515431265873e-03,2.042197809147315926e-04,2.551319089163264471e-05,1.232648135129142501e-03,-1.590186210832405080e-03,1.891788212858104611e-04,3.629222205165461967e-03,-2.907987055290732638e-05,1.280408963978150148e-03,-1.346250072751033937e-03
-6.877136840463737237e-05,5.846794551551524904e-05,1.064923088780192950e-04,-3.127800427419731794e-04,2.089717752999322613e-04,-6.060147567903433801e-04,-4.361427306116388283e-04,-2.415422863140840467e-05,2.161528028982043128e-03,2.023714421991975785e-04,-1.032127184856141441e-04,1.316821645166894059e-04,-1.760929683171184390e-03,-3.951641553831235633e-05,-3.933427153271126450e-03,-3.493678581157172685e-04,4.284323498818754460e-04,2.928572624937057317e-06,-1.212863519186794690e-03,9.247064189712117478e-04,-2.861673662285283516e-05,-1.045183824474343708e-03,1.434615926516980358e-04,-2.740315538059874437e-04,1.019727111815903762e-04,-2.647079323357681984e-04,-1.148960491929607811e-03,1.153486284189185267e-04,-1.665950077846885431e-04,5.244896841243877270e-04,3.228056402871104080e-03,-2.625823475175729062e-04,-2.106026727989096839e-04,9.253095543549399635e-05,6.078966962188686032e-04,1.147688240427446622e-03
4.552360555132830335e-05,-1.956271482723394501e-05,3.633277021523059563e-04,9.584967485590894490e-05,-2.165575647181086270e-04,-5.698843676702973048e-04,-6.052800243793235029e-05,5.219512183450737827e-04,-2.617955216794045324e-04,-1.953782182295344717e-04,-2.702558888854360753e-04,-2.272548303290438873e-05,4.481716233012001657e-05,3.020749260103153949e-03,-2.913436117085334959e-04,-2.132831460013374578e-03,2.064231206166479426e-03,-3.835259794027117753e-05,7.668389092231934177e-04,6.473364260994129628e-06,-1.137552933933678231e-03,-4.499832670538410546e-04,2.082066685035604235e-03,8.962805299721950396e-05,6.389347519478954076e-04,5.296724274250277920e-04,-1.962495015263866207e-04,2.766941718535366815e-03,-2.184647767287428970e-03,-6.531197188968729857e-05,6.493642974056623111e-04,1.183176338409506340e-03,3.337832720712051232e-04,3.253728493304212477e-04,5.095717718079724223e-05,1.058153120776021390e-04
5.103241219039568878e-05,-2.083520284788239473e-06,-9.714026237263507406e-05,3.836166972914727662e-06,9.476820342216349770e-05,-2.384603530357540631e-05,-1.384121465374383274e-04,-5.352539808754584044e-04,5.011719150187433003e-05,-3.775251300069844274e-04,4.107182355223034493e-04,5.020397459329022745e-04,2.074294898784096225e-05,5.148838115732983075e-04,-1.384146282812183718e-04,-2.210403877903554214e-03,-1.338039463776746676e-03,3.101165203864037108e-05,1.742381685742906130e-03,4.010880652606037711e-05,1.043376450659987999e-03,8.943588687422801445e-05,1.168162441184646258e-03,-9.573493035704147081e-04,-5.962050177396470332e-04,-2.257054523683590616e-04,-2.049031589127549031e-04,2.124524069263227129e-03,3.339298609606188972e-03,2.791927702288754098e-04,-4.420895487433526799e-04,-2.382249513060924386e-03,-2.166265631305004105e-04,-1.506648040133585229e-03,-1.410429988023657074e-04,-2.519323828875242235e-05
-4.210645273542831454e-04,-9.982909598390578287e-05,-2.146029045263756103e-03,-1.331683910844651557e-04,8.242945682555593266e-05,2.614328126019045817e-05,-5.387340830808387809e-04,-3.604987739657066638e-06,9.355140370928589645e-06,6.261003138102380888e-04,4.513143306591070516e-04,-1.776831960475794584e-03,-1.952144604428228175e-04,-3.544485547871861265e-04,-3.499965129177241775e-04,3.792449608152189343e-04,-2.120311877780534180e-03,3.619278084592086967e-05,2.343804646383316342e-03,5.303580844366218992e-05,-7.658518238626827834e-05,8.286427781695882141e-04,-1.603549883092396258e-04,3.218221338894713783e-03,-2.334457796993030885e-03,-1.595766623016745163e-03,-3.694326467026761611e-04,6.008045563361255267e-04,-1.259204459510871506e-03,6.148298439910978262e-04,-1.207141460206881319e-04,1.115229920770875478e-03,-5.749500919942834637e-05,1.047308433936537360e-03,-3.742501777805272954e-04,3.149505452356697220e-05
-6.269498383433704360e-04,4.267655331521897255e-04,-1.303774955302319403e-03,5.205228264158296911e-04,-6.223756734159025666e-04,-5.076974874313372509e-04,2.882882420959161649e-04,1.257999898082499089e-04,1.378735195463435550e-04,2.685558556970073577e-03,-6.187338232272706403e-04,1.766224643244780190e-03,3.550781739508481827e-04,-2.023469246231003648e-04,1.704108960890049625e-04,3.173277864851638394e-04,1.729565643214028554e-04,6.961024266853381110e-06,2.400243570665746250e-03,1.052256163745980320e-04,8.485093747797537844e-05,-2.140258710652533699e-03,-6.670974767034103204e-05,-3.747453269185972539e-03,-1.727811727023549539e-03,-4.290463995478328461e-04,-3.485432467393543036e-04,-1.493528941861880415e-04,-8.079787786207728861e-04,3.231499216546425304e-04,6.707545848905738760e-04,4.792278512083082909e-05,-1.067350562444114589e-04,-1.682935353039039829e-05,1.381593594759496072e-04,1.190807228181252374e-04
8.489860961595394571e-04,-1.335264356773373934e-03,5.204487955129842233e-04,9.902989662932488914e-04,1.058022948257144290e-03,-8.307158001174597996e-04,3.496792865838417651e-04,6.258139937150078425e-05,-3.509008547990137355e-05,1.810605421710532017e-03,1.316111836695804779e-04,-6.924140737596699499e-04,-6.725552143052206241e-04,-8.772340252370200583e-05,6.444740865363234863e-04,-5.192529845595497684e-04,1.617247857372260253e-03,-1.653613726077154250e-04,2.453949721110070502e-03,-1.361771928909157449e-04,-1.746866205787256290e-04,-6.649070790329449651e-04,1.594151767083150720e-04,1.392730837782456483e-03,-4.651136070036049222e-05,4.906082315676244671e-04,-2.247762149554786461e-04,-2.405260154341355377e-05,1.011799520880768497e-03,-3.820794247288731779e-03,-4.134438107535863289e-04,-6.028205997639626205e-05,2.304490779359321187e-03,-8.092704664010015757e-06,1.187969265611807813e-03,-5.922421022466636359e-05
1.831937814867080883e-04,1.651693883842324717e-03,1.478629306217488400e-04,7.147342174274208667e-04,-6.480900758567949499e-04,-2.143815409176332958e-05,5.977056833433080159e-05,2.898919711950770437e-05,1.346864723456668025e-04,2.354648142526348617e-04,-6.221853405667497486e-05,1.015257381322420566e-04,-1.603966401948166338e-04,8.502629352305188812e-05,-1.139400860493011529e-03,-1.469125352514424171e-04,-3.583822198461754697e-04,-7.913638104330301525e-04,2.010043773519532267e-03,-4.831062362059183966e-04,5.527404376083980693e-05,3.283377755215713834e-03,-2.120831458346291785e-05,-3.324845495042555985e-04,2.142833529272571158e-04,2.593500344858442361e-04,-3.705647664202115139e-04,1.049492535707133168e-05,-9.840106304577734501e-04,-2.056149878432737745e-03,-1.849479541251877746e-03,-1.959903848328444366e-04,-4.013697337858245819e-03,-1.116676263495663154e-04,1.326610841770385152e-03,3.848192751622900375e-04
-4.768802841004849872e-05,-4.817856706498687379e-04,-7.239018199013790152e-05,1.011749284865413856e-04,4.972211013746284745e-04,3.384329475457569197e-04,6.963607821938685213e-04,-3.811832860920891865e-05,-1.035666653766775715e-03,-3.319080464974727635e-04,1.343439859288736828e-05,-2.196944749802701906e-04,3.892412477933487967e-03,3.399896052574789699e-05,-3.354013999543036754e-03,3.898686939873497663e-04,-2.300774812241762298e-04,1.034520876577555695e-03,1.571117027484134022e-03,7.034099304944193632e-04,-7.078925071058749289e-05,-1.624718157875201232e-03,-1.660138595452421563e-05,2.413974543042828253e-04,-4.046863126147405391e-04,3.602060915825757922e-04,2.247958218021344184e-04,-2.798386785693523192e-04,5.096747597066130474e-04,1.712545569699965150e-04,-2.403644494881312932e-03,2.349454463527514121e-04,5.377396950212885371e-04,2.599230814510471651e-05,1.558179132407936859e-04,-1.506507840186423501e-03
-5.774127038614025056e-05,1.141624254518094119e-04,1.015260916549930231e-05,-2.829024496738231166e-05,-3.446636980593509271e-04,-5.913494481476807684e-04,-3.724730868201589279e-04,5.050028823470961313e-05,-1.204472705149572031e-03,-1.010096521889636094e-04,2.097397802144122206e-05,1.198911769701612709e-04,-4.198380181825855408e-03,5.524866563913254168e-05,-3.063638141496060566e-03,2.671343359849529474e-04,-1.818544486321920555e-05,-2.535183350977835340e-05,1.589354930438025741e-03,-1.116897549661931581e-03,3.007429593007509926e-05,-3.629969991842186866e-04,3.780602556425728477e-05,-1.793106894277413121e-04,-1.698719516071695967e-04,1.363957899899479538e-04,1.700551722137295290e-03,-3.279006801383942279e-04,-1.570352726472793500e-04,6.034935457731822666e-04,4.335560111781658495e-04,-2.865872183375409578e-04,3.180602212861855026e-04,6.936336684845087379e-07,2.899580704007331873e-05,9.565783450963691531e-04
2.071601318354355758e-05,9.680439545327398519e-05,4.613087476525498513e-04,-5.016420540629267893e-06,1.035797374620669911e-04,2.426298269846145338e-04,1.409697970297571095e-05,-1.311013131478333191e-03,-8.966679152190263236e-05,-1.970812250420816416e-04,-2.339035492594614943e-04,-1.337015586291798468e-04,-2.275377356189599656e-04,3.146995466554054158e-03,3.367530843287735439e-05,4.842244424272339372e-03,-3.220278860665652925e-04,1.161722153675930374e-05,4.536845926180812236e-04,-4.338604903780123902e-05,-1.043931845734399292e-03,1.841820377885999057e-04,1.223121366193026397e-03,-1.350336630042433842e-05,-4.263689176968741477e-05,6.181228567003302799e-04,-3.459540706780199568e-05,5.553498879197339526e-04,-2.431877016642060383e-03,-2.080054119242200604e-04,-2.704108522815604383e-04,-4.833345320490253110e-04,2.594140874626250535e-06,5.750018784253324794e-04,2.090027074745412603e-05,9.398690916957415722e-06
1.481087247307235526e-04,-4.148907848552062239e-05,2.356851441415181293e-04,5.368807660747353685e-05,-9.359351851482494505e-05,-1.119707610091143354e-03,-1.250602000817284192e-04,2.185788313949628154e-03,1.849092241388329832e-04,2.137191652237365662e-04,5.942285592408304328e-04,6.624536227558503821e-04,4.420826514284201042e-04,9.044164320861805377e-04,-1.225749262798279005e-04,2.212348719079285098e-03,8.052917341169860306e-04,3.794288154030716557e-05,4.864834367148497866e-04,1.497073892539186300e-05,1.140401470697198104e-03,-3.717319327032237732e-04,2.792441247312116314e-04,-5.423769392744618237e-04,6.646974547913093306e-04,-1.333960953301617470e-03,-9.885329386697681083e-05,7.525762174283380014e-05,4.866921522795141127e-03,2.628719443766863056e-04,6.307731813518413673e-05,9.995309835639976288e-05,-2.509541937175939507e-04,-1.385039845834049087e-03,-1.315055515797885935e-04,-1.506158327406577891e-05
-1.991224203823359655e-04,-2.681577787469882417e-05,-8.385976145623722997e-04,-8.448856096187106542e-05,2.544660647232865848e-04,-2.287457732586055306e-03,-4.479349991263461352e-05,-1.029859380101174433e-03,-1.630909094948097718e-04,-3.115411570432210153e-04,-1.609552473570520243e-03,-1.273096040593685351e-03,-2.830277772937450881e-04,-3.920552328193300986e-04,-1.358913091832169152e-04,-7.410333949692163953e-04,1.749341923895821258e-05,1.882505763656390418e-05,7.148778737549908247e-04,-3.466021290464245332e-05,-2.237778328922406727e-04,1.323310644030095164e-03,-2.429272656184663633e-04,1.402801180954171964e-03,3.002712712396965900e-03,-3.723633741617103730e-03,-4.145047181139010540e-05,-1.726662336046629336e-04,-2.599269694202056813e-04,-1.176854286032692450e-04,4.694349280298735615e-04,6.260308421225071118e-04,4.010800461924461375e-04,1.065589303569026069e-03,2.433263126266732546e-05,1.010544849553028152e-04
-5.451278582730134919e-04,6.125246655706014865e-04,-3.885113434104349569e-05,9.891179183699294977e-05,-6.939068671747227563e-04,1.758457380472337175e-03,8.060281855653865990e-04,4.933911421723063371e-05,1.805857191844954378e-04,1.755589777590240840e-04,1.662994619474990289e-03,1.308506562079116402e-03,-3.972979411538779228e-05,-8.825143577494499786e-05,2.187399045591646534e-04,-7.510648592361498588e-04,1.275371717975961098e-04,9.710590548200462898e-05,6.995986727034732809e-04,6.873802230341508762e-05,5.476218989330638309e-05,-1.770163266180375863e-03,1.799705514664829589e-05,-1.861127963953025004e-03,2.394459168893227786e-03,-2.490382229608047605e-03,-1.286684869069287796e-04,-6.030465633016649559e-05,-2.664297638125382329e-03,6.301346807679615017e-04,-1.293979088807412385e-03,-9.132296354164824454e-04,-6.759695974776812680e-04,-9.305253321238718335e-05,2.438310235384387936e-04,-2.016437117408274353e-05
6.711542225374229290e-04,-1.421471013914619779e-03,8.521574349661635442e-05,1.486255011301089749e-04,1.573824773979694280e-03,5.399557208090897086e-03,-7.114653805448096320e-04,6.629970569132659244e-05,9.419094434118594866e-06,-9.787705985875517134e-05,-1.068224362185508794e-03,-5.179532410209962716e-04,-6.499857395600146335e-04,7.044814018473954942e-05,1.202697227726251262e-04,1.973159225598868191e-04,3.190431628130013905e-04,-7.657446180954399417e-06,6.976735941880672382e-04,-1.010344582456214433e-04,-6.268583515499131977e-05,-1.385107828378778121e-03,-3.753095341320279217e-05,8.454648596394657122e-04,3.158778103974785052e-04,4.608968330342677871e-05,-3.774172432296138673e-04,4.462317741688804138e-05,1.965802262670738893e-03,-3.369552962594905203e-04,-5.453893350998460570e-04,5.827344311807773972e-04,9.891671844208171568e-04,-7.418577177335826996e-05,5.195569168225070301e-04,-1.391222636943586534e-04
8.751519639813471222e-05,1.313223564586245241e-03,-8.496578331525599906e-05,1.421178561607017154e-06,-2.401777604422609524e-03,1.598834336385206731e-03,-1.904815595982838571e-04,8.043051334879649627e-05,-2.029800907944822414e-04,-4.159829461702032379e-04,4.674770057627410840e-04,1.311848838712630380e-05,1.682335358334693649e-04,1.306998552340922753e-04,-4.628553595781294511e-04,2.475880484558421780e-04,-6.762184056571380036e-04,-8.018841080510416336e-04,1.494338212914281261e-03,-1.990824507810250046e-04,5.861974125724539280e-05,3.046607247991403675e-03,-1.071415098434785347e-05,-2.818159466772591985e-06,5.302146009021451567e-05,8.414714314304906921e-05,4.026580664242703465e-04,-1.290571482137589415e-04,-4.162599822845338641e-04,-8.753373097820803164e-04,4.465363479716870365e-03,6.854385492607933613e-06,5.041909143783434774e-05,-3.237219743064994113e-05,-9.462935169432629503e-05,6.354471913363960844e-04
-1.299633660788930588e-04,-4.542664703560208867e-04,1.017377591235071562e-04,-2.173024266606632621e-04,1.854944717354117161e-03,-5.521625986997480114e-04,7.895314540835341203e-04,2.118970784898656156e-05,5.205576592817374353e-04,6.211594151115415290e-05,-2.175628064512094974e-04,-1.184841954697331656e-05,3.747222939495396983e-03,-2.192690426078611589e-05,4.966735579154256570e-04,-1.703888569255466849e-04,4.292572398807654251e-04,8.549684049095752740e-04,1.087630112994567282e-03,6.810486269298440462e-04,-6.766396169664558270e-05,-1.397093112039240808e-03,4.313561444921568952e-05,-1.929071250368353250e-04,-4.117235208348285009e-05,-6.239408545165903162e-06,2.907290814574152362e-03,2.753973042049764008e-05,5.937096587052832883e-05,-2.853666509678341669e-04,1.791122811123567211e-03,-1.459199405788856347e-04,-1.066973893891358426e-03,5.385291926062120194e-06,-1.349808004864493007e-03,-1.474514431346412051e-03
4.587633193479635313e-06,1.151004235642339043e-04,-1.154099686286813657e-04,1.794687319448217387e-04,-5.947553332831947504e-04,2.805514580527818254e-04,3.021889985113976437e-04,2.538157265960069484e-05,-5.201622426694959460e-04,-9.812040585319336736e-05,1.865383046437339948e-04,-6.380823883581724916e-05,-1.674098503634143453e-03,-3.025523141338161201e-05,2.196365447122729502e-03,1.848559438804734463e-04,-3.809818317107788242e-04,-1.905899820750098705e-04,1.670321255006289416e-04,-2.510287139358434449e-03,4.226094871931941182e-05,5.218719692326096761e-04,-1.048247946657975189e-04,2.900749898001392314e-04,-1.262875456986301828e-04,1.564338052201227414e-04,4.483215085202651821e-03,1.145642380582344441e-04,1.962886834354295347e-04,-3.189275039805295549e-04,-3.114776757754894512e-03,1.973864282676141316e-04,4.044125714563691804e-05,-8.803832515928473759e-05,-9.085799030839528502e-04,8.604738864470338859e-04
-3.817077776146853268e-05,4.211847105754951300e-05,4.394470700475626760e-04,-8.156002344677654181e-05,1.370984243359398610e-04,6.383776169182781577e-04,5.320803576423508894e-05,-2.255997049014677770e-03,1.259678182668671283e-04,4.538318992820896574e-05,9.192438602447555100e-05,-1.008990620424859329e-04,-1.265319843143465682e-04,-1.163120855323842694e-03,4.401063054417580990e-04,3.663628451152860233e-03,-1.208265799250014079e-03,-1.568954875710010238e-05,-9.118733937795477085e-04,-1.603297772190784867e-05,-1.315491045175472100e-03,5.068061007860373383e-04,4.323579199205281206e-04,-1.284557358835378851e-05,-6.176431687045337094e-04,-2.682416297635741432e-04,2.594242933425851554e-04,-8.158219607743376865e-04,3.344406347612297200e-04,-9.203948667638797224e-06,-4.298489348625581159e-04,-2.159245842232735064e-04,-7.160643541581598371e-05,4.099694905278398007e-04,3.630072257342224681e-05,-3.109766669827200569e-05
1.287035570011805076e-04,1.432802657621099265e-06,1.759824296677078902e-04,7.684762533130543900e-06,-1.694347840002440291e-04,-2.241279224629041218e-04,1.523916833801794153e-04,3.834518282580664465e-03,5.111435397787580492e-05,4.775632959233873788e-04,4.830678296278044992e-04,4.372187976926902365e-04,1.129411631212548950e-04,-7.202063373103210684e-05,2.299523889856882068e-04,2.650833544113025911e-03,3.603215850954680417e-04,-2.434608015596014725e-05,-1.834803794200854472e-03,-5.629252863114281606e-05,1.298264735105668973e-03,3.205462478456859270e-05,-2.725164714354788619e-04,2.420145583136245032e-04,5.144005533953962747e-04,-3.834007517610966195e-04,2.186390424581073340e-04,-1.022373826126405814e-03,-1.811856773203696525e-04,-2.273946809047748497e-05,2.703286598193498915e-04,8.520054351699127716e-04,-9.860778449164597391e-05,-1.518340979563605978e-03,8.114978346688969050e-05,-2.903523880441162159e-05
-3.178302619747802593e-04,6.356549035799198262e-05,-4.475094569684493146e-04,-1.235223612107002537e-04,1.424462772344033872e-04,-8.640507983164696752e-04,6.781536415390073801e-04,-1.683289622549213275e-03,-7.576185846825279208e-05,-8.087620782555115064e-05,-2.974498626387330792e-03,-1.063458827221370378e-03,1.530135348109045942e-04,4.649306758754316398e-04,2.569054586045704238e-04,-1.684134940633157736e-04,7.101520113202234316e-04,5.039058098066181735e-05,-2.115841433580525031e-03,-7.453803200435730461e-05,-4.387154197908000388e-05,-1.077437098621443685e-04,-1.837011030181812067e-04,-5.053007485589766081e-04,3.214888368552239455e-03,-1.361508487222904582e-05,3.167760487730237099e-04,-4.907008782709714129e-04,9.950024938471858406e-04,-2.091478512150359795e-04,3.156415656361506793e-04,-1.570632114278478419e-04,2.534111345772325943e-04,1.088144042858913340e-03,4.369320168855097652e-04,6.075485119423128975e-06
-6.889153324515924189e-04,4.886467407741191529e-04,2.791811351658380854e-04,-2.703926648415872153e-04,-4.194479632108616407e-04,1.085367095961424413e-03,3.352837930685603350e-04,7.023366693959922692e-05,-8.065643634168613942e-05,-9.656841099263115081e-04,4.303012395486752878e-03,8.700274263991660808e-04,-2.587163354629512350e-04,1.533291991475253292e-04,-5.488595642474420618e-05,-3.172949081474552143e-04,-9.738008725710114110e-05,1.265449572978085151e-04,-2.373397363988648430e-03,-4.078977486763760905e-05,1.022840492157565500e-04,7.768647977380773589e-04,-3.622013511017857442e-05,8.625288244552624080e-04,2.320528300222855778e-03,-8.414444888370671820e-04,1.825462396261810772e-04,4.181678977584251050e-05,-6.892142072871314208e-04,1.519027718006006535e-04,-6.869011650272912727e-04,-3.382744022734389053e-04,-2.270528836782053381e-04,1.468832544333618809e-04,9.039413358295536843e-05,-4.470967551380587761e-05
6.162544815982406695e-04,-1.650722035608529880e-03,-1.232617185447433701e-04,-3.866258185706465201e-04,1.783541423941363601e-03,2.860982321306352813e-03,-2.425427770566882402e-03,-1.092243169994259729e-04,-2.484375241487765786e-06,-7.350641028537226174e-04,-2.013420534738492775e-03,-2.120906307407755106e-04,1.934209471886799215e-04,7.021373480677875131e-05,-4.139268609961793623e-04,5.616212495933558526e-04,-9.784804123302809180e-04,-2.321291357407853650e-04,-2.566667104421955364e-03,5.366686228320553586e-05,5.503333493717560984e-05,1.976977848321290155e-04,-2.088064784286221514e-04,-6.221993223736143859e-04,1.859652387940248497e-04,-7.027714283172508455e-04,9.846563912717887451e-05,-6.743968033240697662e-05,-3.894936215440451570e-06,1.581620207169228114e-03,-2.259972070024472181e-04,1.936958716933961163e-04,-8.486576629842031844e-04,-4.034265052161389262e-05,-7.861751467436073511e-04,6.366691776279285596e-06
2.375737320762899801e-04,1.256658197903406026e-03,1.090558704417090186e-05,-1.619098856013687256e-04,-3.395686133135323703e-03,1.010633816851576761e-03,2.837434070362817250e-04,-6.081045347576572271e-05,-2.938020041717718861e-04,-8.773192636344270541e-05,2.801598883709868933e-04,-2.115568604164039018e-05,3.008457651414732890e-04,4.570950369864564630e-06,3.135313243884834452e-04,1.425093376675921843e-04,9.552996325538573325e-05,-9.439237889097142975e-04,-2.184860544900194684e-03,6.947466339901251474e-04,-6.288178885914620154e-05,-9.291113100888352943e-04,1.614797348877036862e-05,2.852448703728446334e-04,-7.109474190218634497e-06,-3.572533633829618805e-04,5.289493959670705679e-04,8.291102878769117705e-05,6.472780561669888577e-04,3.860902173710214764e-04,2.713052323590461369e-03,9.459555940898565791e-05,2.335891886149700589e-03,9.628537260227683586e-05,-1.438036659243978593e-03,4.513100176809735071e-04
1.985692096865931375e-05,-3.373878264722946548e-04,1.918994269288001604e-04,2.664732675939184134e-04,2.736415772816099164e-03,-4.623907691023190184e-04,1.001025844585156374e-03,1.050093976826309941e-05,-1.009199141809847785e-05,3.839744102060273830e-04,-2.182469786894325394e-04,1.222189300447688203e-04,-1.369303267238188276e-03,-5.893439242839098647e-05,1.920052784880689955e-03,-4.486165230428488756e-04,4.082457547574997229e-04,8.768960773356740531e-04,-1.732495838059235418e-03,8.083640676579512910e-04,7.196114988388638712e-05,7.870012863128643225e-04,4.284026563214876724e-05,-2.390762138455097808e-04,3.711969797171434191e-04,-5.357254939646900315e-04,1.037589469131580807e-03,2.408879499909744894e-04,-4.911263863223003625e-04,-1.065394881999025191e-04,3.317739555200704526e-03,-2.238673549502084837e-04,-8.571588452192422606e-04,-9.325374306256151017e-05,-1.252194668712284858e-03,-1.511511105575151157e-03
3.453146846974046300e-05,-4.906906173066973020e-05,3.339445101474796117e-05,1.320145261342869762e-04,-6.735699208941964581e-04,3.117542132005366763e-04,1.034547820433348104e-04,-6.918256658055198184e-05,3.643480511311527671e-04,1.712570428812894383e-04,-3.520870813201363805e-05,-6.185980216309165290e-05,2.125186549512570258e-03,-9.153455426078266430e-05,2.432564404869493740e-03,-3.635876552683201413e-04,8.754857457061590781e-05,3.880575168017629933e-05,-1.786816223884851512e-03,-2.617557063167826395e-03,-2.725920044426385940e-05,4.780867749284769272e-04,-1.790723755667677309e-05,1.190092634527826321e-04,2.432558219161182829e-04,-2.299665437077952172e-04,6.305379349395593899e-04,4.443820418292861846e-04,4.758828162958248073e-05,-2.913157776145764073e-04,-7.222043589169090507e-04,8.448375485706362655e-05,3.743436846027340032e-04,1.814125529568734902e-05,-4.569106527717732005e-04,1.020940970300784727e-03
-8.724422724685495329e-05,-1.750902691723135404e-04,7.544560187665111601e-04,-1.286545734073525431e-04,-4.311101069614412613e-05,-4.183054843894643579e-04,-7.135496305862246841e-05,-1.980460632648279977e-03,2.426117187074385728e-05,-5.612945646349561881e-06,5.189935597993916930e-05,1.121655098717912256e-05,2.831629975279301549e-04,-5.469188399406100902e-03,-2.536143322300684223e-04,-3.302692166194507242e-03,1.001726176044699960e-03,-4.474688945317363824e-05,4.841819487390378301e-04,1.021363736172086086e-04,-1.738133372302366232e-03,-5.784722838999566174e-04,5.392967166695622179e-04,-2.501412379801758786e-04,-2.501236700662881987e-04,-9.875902702281358705e-04,-8.882558598454353977e-05,4.708592081350143903e-04,2.534535823369347615e-03,1.648852565109869891e-04,3.143134612367821500e-04,9.909229588884586090e-05,-2.116592717438614091e-05,5.700147343046818056e-05,1.876076100182984968e-04,-3.208288153048339793e-05
-5.420131222609527751e-05,1.063139916946455072e-04,1.377417235753501541e-06,-9.989135241733001515e-05,-8.609976255791692060e-05,7.631335551691271818e-04,2.822028614103224732e-04,3.526630590073499827e-03,-3.000097583088249739e-04,-4.839712108545064133e-04,1.561744004282357890e-04,1.400572072050621539e-04,-5.545148749277735521e-04,-1.923088367656633100e-03,-1.541487780516346781e-04,-1.960185945339200722e-03,-3.605289312233084134e-04,-1.281683688037482118e-04,8.630137021340826857e-04,2.137061136265232668e-05,1.041389109423986352e-03,4.574999815572976182e-04,4.586407469617788613e-05,6.982536040322301829e-04,-2.106583509313890792e-04,1.356893064506636002e-03,-8.378469255829460360e-05,6.167301098203873885e-04,-5.435990584860127262e-03,-2.872986386771487783e-04,8.881365392356283266e-05,4.731119206385529997e-05,2.352991602939867274e-04,-1.658565597888975391e-03,3.499568853958107129e-04,3.794064106242344007e-06
-6.801485428882565873e-04,1.284435719801684732e-04,-1.026055711059270384e-03,-2.019363289472734450e-04,-9.929593437634879900e-05,1.516888868395172918e-03,7.930160122585409822e-04,-1.523473286506371810e-03,1.324212857594507682e-04,2.497355053453223441e-04,-2.783555061387445097e-03,-9.803153220706753001e-04,3.414831932964361048e-04,9.650091438519983094e-04,9.127644559892475451e-05,1.471678976722957043e-04,-8.300291728287483061e-04,4.393634022153030435e-05,9.783356891582954164e-04,-2.793837835447752168e-05,2.391514572480058984e-04,-1.450703253050358897e-03,-1.824126490092858898e-05,-1.246483424728524322e-03,-4.869768555519815492e-04,5.417369280623135844e-03,-2.713848774449683637e-05,1.522312209799450223e-04,7.224668018334822655e-04,1.657070231983324331e-04,-4.065198524253783191e-04,-6.872239935481252180e-04,-1.097013116061638309e-04,8.645117743791958485e-04,5.373325912340462703e-04,-1.122139686573476157e-04
-9.318599940629683845e-04,6.971095918330440623e-05,-2.179978471196401346e-04,-5.301796045540772167e-05,-1.408645821914732687e-05,-1.791550870165490271e-03,-7.747928328693571990e-04,2.609256913192936942e-05,-7.885007501680131603e-05,5.491287836739550121e-04,4.492807338398279587e-03,7.426957364639286087e-04,6.263039327298485816e-05,2.551965839131485332e-04,-1.968708873176141909e-04,4.688523377084900952e-04,5.607316518853602220e-04,-2.348189774286341380e-06,1.129153424460181774e-03,-2.046398244031807348e-05,1.290306336643815758e-04,1.297110318991456053e-03,-5.252004543758199279e-05,1.896801251974050175e-03,-1.319126887043097938e-03,3.222280623405956307e-03,1.369927774057647140e-04,-9.045254922356808086e-05,2.837959235787153398e-03,6.448835387939338244e-05,1.137202596040947202e-03,7.459515383677582656e-04,3.379487532178505828e-04,4.453560401619704795e-04,-2.838892711324121003e-04,4.158097212338036127e-05
5.129298538291473262e-04,-1.617660510175826429e-03,1.527899527990885322e-04,-1.358026463576163809e-04,1.581756866302655830e-03,-4.738831345044144071e-03,-3.406829391225062436e-03,1.178367532961170826e-06,1.868662242770279349e-04,3.453801259493512665e-04,-1.863614770327235359e-03,2.212270998011206297e-04,6.771594573257336920e-04,-1.160455124954081765e-04,-4.911012337989019774e-04,-4.847892266700269421e-04,1.160488543461758742e-04,-6.424644055418527377e-04,1.347021361012319327e-03,2.995228158965073479e-04,3.425595538841725337e-05,2.041417929132227117e-03,-5.862314394185175556e-05,-1.372885685145500568e-03,-5.415589456194458461e-04,-3.480600376932245976e-04,2.644608683446520413e-04,-3.754138165739370270e-05,-2.237377195017542075e-03,8.035506722393482692e-04,-4.357742337622027158e-05,-4.236445090944692565e-04,-1.069429388043195012e-03,-4.082943373488649083e-06,-1.633660461420950380e-03,2.418125889020973835e-04
4.758173410008114247e-04,1.284295753864006994e-03,2.852250876157409504e-04,-1.601193030383572010e-04,-2.972269795689600185e-03,-1.653780495388002848e-03,9.449970206896063244e-04,-2.302249515163835124e-06,5.490945853971447924e-04,4.957536204545964412e-06,5.775365359071523488e-05,-8.721204014868306164e-05,6.751984861436870558e-05,-2.725495857663927569e-05,2.734950507739191501e-04,-2.321840673126370706e-04,5.425009430655759485e-04,-1.082327522174885044e-03,4.314508817822084461e-04,1.415527595581961328e-03,-1.295006540081525693e-04,-3.379804572393154283e-03,3.152020501345750077e-05,3.747925522644907428e-04,-2.238700100826844801e-04,-1.362641644793032871e-04,-4.644659925630996965e-04,8.449602209961682656e-05,3.565034626217465598e-04,-4.790770736335036532e-04,-4.967212326024565347e-03,-4.137940392616750227e-05,1.386899880025583036e-03,4.448999833356963546e-05,-1.820600206353587772e-03,-1.154458600179246191e-05
1.670314429877381196e-04,1.540379926650207825e-04,-7.768331270833044315e-05,2.978416179194946214e-04,2.284353544321625351e-03,8.863344749124015204e-04,1.551301573002171691e-03,6.350892576554151281e-05,-5.916967150455081093e-04,-2.748005555273723248e-04,1.954208519054964730e-04,-2.350974486604957546e-05,-5.164647652892468029e-03,1.532268296205349081e-04,-8.774417165523736603e-05,4.371605712617102676e-04,-7.314574570232845871e-04,8.437829156292756937e-04,7.420732070714818095e-04,1.024014479645033934e-03,1.741582053706082641e-04,8.559543907213307485e-04,-1.048467615031320146e-04,1.821682205453848194e-04,-3.357998882388070114e-04,2.862269794685710759e-04,-3.241430528496491801e-03,-1.826673997434032461e-04,1.581927682274251480e-04,-2.709384619987077638e-04,-1.780109167129147098e-03,2.298036821145797400e-04,-1.625858432576092125e-03,-1.432778854617754931e-04,-2.674192406062444777e-04,-1.561883401533522599e-03
1.785048223274054264e-05,-1.393058700245935696e-04,2.376068923570985619e-05,-1.743516550457068295e-04,-6.918634815244685456e-04,-3.145301479595312362e-05,-3.858688509499471025e-04,3.046882340875016349e-05,4.520058664890859061e-05,-7.142627657084690287e-05,-8.982762504023463629e-05,-2.807053396509963508e-05,3.294215969563372808e-03,6.583513908869663759e-05,-1.488285508000988062e-03,1.562683740087586308e-04,1.624433023380238551e-04,4.153071296142834038e-04,1.039008761661358885e-03,-1.873716043305699184e-03,-5.724995138177726669e-05,-2.976760319734410125e-04,2.426430242773133962e-06,-1.591404882097296938e-04,-7.377151490304489315e-05,-2.374356817452916683e-05,-5.410144772278936524e-03,-3.450723319901436879e-04,-6.453959310604236068e-05,2.866754881701956349e-04,1.805008266577009255e-03,-2.124762607393084908e-05,5.441194026237248594e-04,1.594630486270699418e-04,5.610065519092266150e-04,1.029017255357526483e-03
